"","Item","Strongly Agree","Agree","Neutral","Disagree","Strongly Disagree"
"7","People in this area feel that they own the wetland ",46.2585034013605,50.6802721088435,1.70068027210884,1.02040816326531,0.340136054421769
"8","People in this area care about <br>public natural resources ",14.2857142857143,55.4421768707483,5.4421768707483,23.8095238095238,1.02040816326531
"9","I have witnessed some form of conflict<br> over wetland resources in the past",42.8571428571429,31.9727891156463,0.340136054421769,21.0884353741497,3.74149659863946
"10","Government officials are effective<br> in protecting the wetland",16.3265306122449,42.1768707482993,2.38095238095238,29.2517006802721,9.86394557823129
"11","It is safe to leave my home unattended<br> because no one can steal anything",24.8299319727891,46.9387755102041,0.680272108843537,23.469387755102,4.08163265306122
"12","People in this area feel generally secure<br> when dealing with outsiders ",39.7959183673469,48.6394557823129,3.40136054421769,6.80272108843537,1.36054421768707
