"","Item","Strongly Agree","Agree","Neutral","Disagree","Strongly Disagree"
"1","Compared to the past, <br> the use of the wetlands for crop production <br> in this area has increased",57.1428571428571,22.7891156462585,0.340136054421769,16.3265306122449,3.40136054421769
"2","Compared to the past, the use of wetlands <br> for material collection has increased ",23.1292517006803,34.3537414965986,0.340136054421769,36.734693877551,5.4421768707483
"3","Compared to the past, the level of fertility <br> in the wetland has declined ",23.8095238095238,54.421768707483,4.42176870748299,16.3265306122449,1.02040816326531
"4","People in this community would support <br> efforts to conserve the wetland(s)",34.6938775510204,46.2585034013605,2.04081632653061,15.9863945578231,1.02040816326531
"5","Compared to 10 years ago, the amount of water <br> in the wetlands  in this area has declined ",25.1700680272109,44.2176870748299,8.16326530612245,21.0884353741497,1.36054421768707
"6","Compared to the last 10 years,<br> fishing activities in the wetland have increased",29.2517006802721,29.5918367346939,13.9455782312925,23.8095238095238,3.40136054421769
