"","Item","Strongly Agree","Agree","Neutral","Disagree","Strongly Disagree"
"13","If I drop my wallet or purse somewhere within<br> this village, I am likely to get it back",5.78231292517007,6.46258503401361,9.52380952380952,30.952380952381,47.2789115646259
"14","People in this area have <br>strong traditional attachment to wetlands",5.4421768707483,19.7278911564626,13.9455782312925,39.1156462585034,21.7687074829932
"15","Most of my neighbours  have lost some assets <br> or livestock to thieves within the last five years",15.6462585034014,37.7551020408163,4.42176870748299,37.4149659863946,4.76190476190476
"16","Farm sizes in my village have <br>declined compared to the past",23.8095238095238,33.6734693877551,4.08163265306122,33.3333333333333,5.10204081632653
"17","The population in my village has increased<br> currently compared to 10 years ago",84.0136054421769,14.2857142857143,0.340136054421769,0.340136054421769,1.02040816326531
"18","In the past 5 years,<br> I have noticed an increase in <br>the amount of income I generate from the Wetland",4.76190476190476,47.9591836734694,5.10204081632653,37.4149659863946,4.76190476190476
"19","My family’s economic situation has <br>improved compared with 5 years ago",4.42176870748299,51.3605442176871,4.76190476190476,35.3741496598639,4.08163265306122
